Workbook

Sheet Summary
A1: KYC Compliance Report
A3: Assumptions (edit the yellow cells)
A4: As-of date | B4: 46322
A5: SLA (days) | B5: 5
A7: Key metrics
A8: Total cases | B8: =COUNTA(Cases!$A$2:$A$482) -> 481
A9: Pending | B9: =COUNTIF(Cases!$F$2:$F$482,"Pending") -> 51
A10: Approved | B10: =COUNTIF(Cases!$F$2:$F$482,"Approved") -> 350
A11: Rejected | B11: =COUNTIF(Cases!$F$2:$F$482,"Rejected") -> 80
A12: Approval rate (of decided cases) | B12: =IFERROR(B10/(B10+B11),0) -> 0.81395349
A13: Average turnaround (days) | B13: =IFERROR(AVERAGE(Cases!$J$2:$J$482),0) -> 6.8418605
A14: Overdue pending cases | B14: =COUNTIFS(Cases!$F$2:$F$482,"Pending",Cases!$H$2:$H$482,"<"&($B$4-$B$5)) -> 35
A16: Cases by risk level and status
A17: Risk level | B17: Pending | C17: Approved | D17: Rejected | E17: Total
A18: Low | B18: =COUNTIFS(Cases!$E$2:$E$482,$A18,Cases!$F$2:$F$482,B$17) -> 30 | C18: =COUNTIFS(Cases!$E$2:$E$482,$A18,Cases!$F$2:$F$482,C$17) -> 213 | D18: =COUNTIFS(Cases!$E$2:$E$482,$A18,Cases!$F$2:$F$482,D$17) -> 47 | E18: =SUM(B18:D18) -> 290
A19: Medium | B19: =COUNTIFS(Cases!$E$2:$E$482,$A19,Cases!$F$2:$F$482,B$17) -> 15 | C19: =COUNTIFS(Cases!$E$2:$E$482,$A19,Cases!$F$2:$F$482,C$17) -> 105 | D19: =COUNTIFS(Cases!$E$2:$E$482,$A19,Cases!$F$2:$F$482,D$17) -> 25 | E19: =SUM(B19:D19) -> 145
A20: High | B20: =COUNTIFS(Cases!$E$2:$E$482,$A20,Cases!$F$2:$F$482,B$17) -> 6 | C20: =COUNTIFS(Cases!$E$2:$E$482,$A20,Cases!$F$2:$F$482,C$17) -> 32 | D20: =COUNTIFS(Cases!$E$2:$E$482,$A20,Cases!$F$2:$F$482,D$17) -> 8 | E20: =SUM(B20:D20) -> 46
A21: Total | B21: =SUM(B18:B20) -> 51 | C21: =SUM(C18:C20) -> 350 | D21: =SUM(D18:D20) -> 80 | E21: =SUM(E18:E20) -> 481
A23: Notes
A24: Source: cleaned KYC case data (Cases sheet); SQL-based analysis is on the SQL_* sheets.
A25: Overdue = Pending case submitted more than SLA days before the as-of date.
A26: As-of date and SLA are inputs (blue text, yellow fill); every metric above recalculates from them.
A27: Data_Issues lists the raw rows removed during cleaning and the reason.

Sheet Cases
A1: case_id | B1: customer_name | C1: document_type | D1: region | E1: risk_level | F1: status | G1: analyst | H1: submitted_date | I1: completed_date | J1: turnaround_days
A2: KYC-00305 | B2: Vivaan Verma | C2: Driving Licence | D2: East | E2: Medium | F2: Approved | G2: Analyst A | H2: 46273 | I2: 46284 | J2: =IF(I2="","",I2-H2) -> 11
A3: KYC-00500 | B3: Vivaan Khan | C3: Passport | D3: South | E3: Low | F3: Rejected | G3: Analyst D | H3: 46316 | I3: 46319 | J3: =IF(I3="","",I3-H3) -> 3
A4: KYC-00442 | B4: Vivaan Nair | C4: PAN Card | D4: South | E4: High | F4: Approved | G4: Analyst A | H4: 46221 | I4: 46233 | J4: =IF(I4="","",I4-H4) -> 12
A5: KYC-00154 | B5: Aditya Verma | C5: Passport | D5: West | E5: Low | F5: Rejected | G5: Analyst B | H5: 46255 | I5: 46262 | J5: =IF(I5="","",I5-H5) -> 7
A6: KYC-00074 | B6: Kabir Singh | C6: PAN Card | D6: West | E6: Medium | F6: Approved | G6: Analyst A | H6: 46243 | I6: 46251 | J6: =IF(I6="","",I6-H6) -> 8
A7: KYC-00132 | B7: Imran Ansari | C7: Address Proof | D7: South | E7: Low | F7: Approved | G7: Analyst C | H7: 46220 | I7: 46230 | J7: =IF(I7="","",I7-H7) -> 10
A8: KYC-00205 | B8: Arjun Singh | C8: Aadhaar | D8: South | E8: Low | F8: Pending | G8: Analyst B | H8: 46320 | J8: =IF(I8="","",I8-H8)
A9: KYC-00010 | B9: Aditya Mehta | C9: Address Proof | D9: West | E9: Low | F9: Approved | G9: Analyst A | H9: 46303 | I9: 46314 | J9: =IF(I9="","",I9-H9) -> 11
A10: KYC-00326 | B10: Arjun Joshi | C10: PAN Card | D10: West | E10: Low | F10: Approved | G10: Analyst B | H10: 46264 | I10: 46276 | J10: =IF(I10="","",I10-H10) -> 12
A11: KYC-00248 | B11: Imran Ansari | C11: Passport | D11: South | E11: Medium | F11: Approved | G11: Analyst A | H11: 46281 | I11: 46286 | J11: =IF(I11="","",I11-H11) -> 5
A12: KYC-00466 | B12: Ayesha Mehta | C12: Address Proof | D12: East | E12: Low | F12: Approved | G12: Analyst A | H12: 46283 | I12: 46295 | J12: =IF(I12="","",I12-H12) -> 12
A13: KYC-00354 | B13: Rohan Iyer | C13: Passport | D13: North | E13: Low | F13: Rejected | G13: Analyst B | H13: 46204 | I13: 46211 | J13: =IF(I13="","",I13-H13) -> 7
A14: KYC-00290 | B14: Ishaan Joshi | C14: Driving Licence | D14: East | E14: Low | F14: Rejected | G14: Analyst B | H14: 46299 | I14: 46309 | J14: =IF(I14="","",I14-H14) -> 10
A15: KYC-00085 | B15: Aditya Malik | C15: Address Proof | D15: West | E15: Low | F15: Approved | G15: Analyst B | H15: 46250 | I15: 46261 | J15: =IF(I15="","",I15-H15) -> 11
A16: KYC-00011 | B16: Meera Joshi | C16: Passport | D16: North | E16: Low | F16: Rejected | G16: Analyst A | H16: 46235 | I16: 46247 | J16: =IF(I16="","",I16-H16) -> 12
A17: KYC-00325 | B17: Sana Mehta | C17: Aadhaar | D17: South | E17: Medium | F17: Approved | G17: Analyst C | H17: 46294 | I17: 46306 | J17: =IF(I17="","",I17-H17) -> 12
A18: KYC-00079 | B18: Ishaan Malik | C18: Aadhaar | D18: East | E18: Low | F18: Rejected | G18: Analyst D | H18: 46264 | I18: 46270 | J18: =IF(I18="","",I18-H18) -> 6
A19: KYC-00031 | B19: Vivaan Ansari | C19: Aadhaar | D19: South | E19: Low | F19: Approved | G19: Analyst D | H19: 46283 | I19: 46289 | J19: =IF(I19="","",I19-H19) -> 6
A20: KYC-00185 | B20: Zara Nair | C20: PAN Card | D20: South | E20: Medium | F20: Approved | G20: Analyst B | H20: 46263 | I20: 46268 | J20: =IF(I20="","",I20-H20) -> 5
A21: KYC-00196 | B21: Ishaan Nair | C21: Address Proof | D21: South | E21: Low | F21: Pending | G21: Analyst B | H21: 46305 | J21: =IF(I21="","",I21-H21)
A22: KYC-00223 | B22: Tanvi Ansari | C22: Address Proof | D22: East | E22: Low | F22: Rejected | G22: Analyst D | H22: 46215 | I22: 46225 | J22: =IF(I22="","",I22-H22) -> 10
A23: KYC-00210 | B23: Riya Khan | C23: Address Proof | D23: East | E23: Low | F23: Rejected | G23: Analyst C | H23: 46258 | I23: 46270 | J23: =IF(I23="","",I23-H23) -> 12
A24: KYC-00282 | B24: Riya Sharma | C24: Address Proof | D24: West | E24: Low | F24: Approved | G24: Analyst A | H24: 46206 | I24: 46216 | J24: =IF(I24="","",I24-H24) -> 10
A25: KYC-00209 | B25: Arjun Sharma | C25: Address Proof | D25: North | E25: Low | F25: Approved | G25: Analyst A | H25: 46238 | I25: 46246 | J25: =IF(I25="","",I25-H25) -> 8
A26: KYC-00125 | B26: Ayesha Ansari | C26: Address Proof | D26: East | E26: High | F26: Pending | G26: Analyst D | H26: 46230 | J26: =IF(I26="","",I26-H26)
A27: KYC-00251 | B27: Imran Khan | C27: Address Proof | D27: West | E27: Low | F27: Pending | G27: Analyst A | H27: 46322 | J27: =IF(I27="","",I27-H27)
A28: KYC-00077 | B28: Ayesha Khan | C28: Driving Licence | D28: South | E28: High | F28: Approved | G28: Analyst C | H28: 46291 | I28: 46299 | J28: =IF(I28="","",I28-H28) -> 8
A29: KYC-00383 | B29: Arjun Sharma | C29: Passport | D29: East | E29: Low | F29: Approved | G29: Analyst B | H29: 46261 | I29: 46265 | J29: =IF(I29="","",I29-H29) -> 4
A30: KYC-00343 | B30: Rohan Iyer | C30: PAN Card | D30: West | E30: Low | F30: Rejected | G30: Analyst A | H30: 46276 | I30: 46277 | J30: =IF(I30="","",I30-H30) -> 1
A31: KYC-00324 | B31: Fatima Sharma | C31: Address Proof | D31: West | E31: Low | F31: Approved | G31: Analyst B | H31: 46261 | I31: 46268 | J31: =IF(I31="","",I31-H31) -> 7
A32: KYC-00245 | B32: Neha Reddy | C32: Address Proof | D32: North | E32: Medium | F32: Rejected | G32: Analyst D | H32: 46291 | I32: 46294 | J32: =IF(I32="","",I32-H32) -> 3
A33: KYC-00332 | B33: Aditya Khan | C33: Aadhaar | D33: South | E33: Medium | F33: Approved | G33: Analyst A | H33: 46234 | I33: 46242 | J33: =IF(I33="","",I33-H33) -> 8
A34: KYC-00141 | B34: Riya Verma | C34: Driving Licence | D34: North | E34: Low | F34: Approved | G34: Analyst B | H34: 46216 | I34: 46227 | J34: =IF(I34="","",I34-H34) -> 11
A35: KYC-00073 | B35: Neha Iyer | C35: Address Proof | D35: West | E35: Low | F35: Approved | G35: Analyst C | H35: 46264 | I35: 46266 | J35: =IF(I35="","",I35-H35) -> 2
A36: KYC-00401 | B36: Meera Nair | C36: Driving Licence | D36: West | E36: Medium | F36: Rejected | G36: Analyst D | H36: 46279 | I36: 46281 | J36: =IF(I36="","",I36-H36) -> 2
A37: KYC-00488 | B37: Kabir Nair | C37: PAN Card | D37: South | E37: Low | F37: Pending | G37: Analyst C | H37: 46321 | J37: =IF(I37="","",I37-H37)
A38: KYC-00226 | B38: Arjun Joshi | C38: Aadhaar | D38: North | E38: Low | F38: Approved | G38: Analyst D | H38: 46266 | I38: 46271 | J38: =IF(I38="","",I38-H38) -> 5
A39: KYC-00178 | B39: Riya Mehta | C39: Driving Licence | D39: West | E39: Medium | F39: Pending | G39: Analyst C | H39: 46322 | J39: =IF(I39="","",I39-H39)
A40: KYC-00404 | B40: Meera Verma | C40: Driving Licence | D40: West | E40: Low | F40: Approved | G40: Analyst C | H40: 46252 | I40: 46255 | J40: =IF(I40="","",I40-H40) -> 3
A41: KYC-00069 | B41: Zara Reddy | C41: Driving Licence | D41: North | E41: Medium | F41: Approved | G41: Analyst D | H41: 46313 | I41: 46314 | J41: =IF(I41="","",I41-H41) -> 1
A42: KYC-00156 | B42: Zara Khan | C42: Aadhaar | D42: North | E42: Low | F42: Rejected | G42: Analyst A | H42: 46281 | I42: 46293 | J42: =IF(I42="","",I42-H42) -> 12
A43: KYC-00056 | B43: Meera Malik | C43: Driving Licence | D43: East | E43: Medium | F43: Approved | G43: Analyst C | H43: 46232 | I43: 46235 | J43: =IF(I43="","",I43-H43) -> 3
A44: KYC-00406 | B44: Imran Ansari | C44: Driving Licence | D44: North | E44: Low | F44: Pending | G44: Analyst C | H44: 46225 | J44: =IF(I44="","",I44-H44)
A45: KYC-00299 | B45: Ishaan Singh | C45: Aadhaar | D45: South | E45: Low | F45: Approved | G45: Analyst D | H45: 46265 | I45: 46266 | J45: =IF(I45="","",I45-H45) -> 1
A46: KYC-00078 | B46: Imran Verma | C46: Address Proof | D46: West | E46: Low | F46: Approved | G46: Analyst D | H46: 46217 | I46: 46218 | J46: =IF(I46="","",I46-H46) -> 1
A47: KYC-00469 | B47: Imran Verma | C47: PAN Card | D47: East | E47: Medium | F47: Pending | G47: Analyst D | H47: 46312 | J47: =IF(I47="","",I47-H47)
A48: KYC-00318 | B48: Imran Joshi | C48: Address Proof | D48: North | E48: Medium | F48: Approved | G48: Analyst B | H48: 46279 | I48: 46291 | J48: =IF(I48="","",I48-H48) -> 12
A49: KYC-00476 | B49: Riya Nair | C49: Passport | D49: South | E49: Medium | F49: Approved | G49: Analyst A | H49: 46210 | I49: 46218 | J49: =IF(I49="","",I49-H49) -> 8
A50: KYC-00091 | B50: Fatima Iyer | C50: Aadhaar | D50: North | E50: High | F50: Approved | G50: Analyst C | H50: 46300 | I50: 46304 | J50: =IF(I50="","",I50-H50) -> 4
A51: KYC-00239 | B51: Imran Mehta | C51: Driving Licence | D51: East | E51: Low | F51: Approved | G51: Analyst B | H51: 46251 | I51: 46260 | J51: =IF(I51="","",I51-H51) -> 9
A52: KYC-00486 | B52: Imran Reddy | C52: Address Proof | D52: West | E52: Medium | F52: Approved | G52: Analyst A | H52: 46244 | I52: 46254 | J52: =IF(I52="","",I52-H52) -> 10
A53: KYC-00064 | B53: Imran Khan | C53: Aadhaar | D53: East | E53: Medium | F53: Approved | G53: Analyst A | H53: 46290 | I53: 46298 | J53: =IF(I53="","",I53-H53) -> 8
A54: KYC-00071 | B54: Tanvi Singh | C54: Address Proof | D54: East | E54: Medium | F54: Approved | G54: Analyst A | H54: 46249 | I54: 46250 | J54: =IF(I54="","",I54-H54) -> 1
A55: KYC-00003 | B55: Rohan Khan | C55: Driving Licence | D55: South | E55: Low | F55: Approved | G55: Analyst C | H55: 46233 | I55: 46240 | J55: =IF(I55="","",I55-H55) -> 7
A56: KYC-00288 | B56: Arjun Joshi | C56: PAN Card | D56: East | E56: Medium | F56: Rejected | G56: Analyst B | H56: 46279 | I56: 46284 | J56: =IF(I56="","",I56-H56) -> 5
A57: KYC-00342 | B57: Aarav Khan | C57: Address Proof | D57: North | E57: Low | F57: Approved | G57: Analyst C | H57: 46309 | I57: 46316 | J57: =IF(I57="","",I57-H57) -> 7
A58: KYC-00138 | B58: Fatima Gupta | C58: Aadhaar | D58: South | E58: Low | F58: Pending | G58: Analyst A | H58: 46322 | J58: =IF(I58="","",I58-H58)
A59: KYC-00250 | B59: Riya Sharma | C59: PAN Card | D59: West | E59: Low | F59: Approved | G59: Analyst A | H59: 46239 | I59: 46245 | J59: =IF(I59="","",I59-H59) -> 6
A60: KYC-00195 | B60: Vivaan Gupta | C60: Driving Licence | D60: West | E60: Low | F60: Approved | G60: Analyst A | H60: 46246 | I60: 46247 | J60: =IF(I60="","",I60-H60) -> 1
A61: KYC-00173 | B61: Fatima Joshi | C61: Address Proof | D61: West | E61: Low | F61: Approved | G61: Analyst C | H61: 46282 | I61: 46285 | J61: =IF(I61="","",I61-H61) -> 3
A62: KYC-00083 | B62: Ishaan Nair | C62: Driving Licence | D62: South | E62: Medium | F62: Approved | G62: Analyst D | H62: 46292 | I62: 46303 | J62: =IF(I62="","",I62-H62) -> 11
A63: KYC-00454 | B63: Ayesha Reddy | C63: Driving Licence | D63: East | E63: Medium | F63: Approved | G63: Analyst B | H63: 46271 | I63: 46280 | J63: =IF(I63="","",I63-H63) -> 9
A64: KYC-00319 | B64: Riya Joshi | C64: Passport | D64: West | E64: Low | F64: Approved | G64: Analyst D | H64: 46285 | I64: 46287 | J64: =IF(I64="","",I64-H64) -> 2
A65: KYC-00034 | B65: Ishaan Gupta | C65: Aadhaar | D65: East | E65: Low | F65: Rejected | G65: Analyst C | H65: 46218 | I65: 46226 | J65: =IF(I65="","",I65-H65) -> 8
A66: KYC-00427 | B66: Ishaan Khan | C66: Passport | D66: West | E66: Low | F66: Approved | G66: Analyst C | H66: 46288 | I66: 46291 | J66: =IF(I66="","",I66-H66) -> 3
A67: KYC-00228 | B67: Aditya Khan | C67: PAN Card | D67: East | E67: Medium | F67: Rejected | G67: Analyst D | H67: 46221 | I67: 46227 | J67: =IF(I67="","",I67-H67) -> 6
A68: KYC-00001 | B68: Ishaan Verma | C68: Address Proof | D68: South | E68: Low | F68: Approved | G68: Analyst A | H68: 46241 | I68: 46243 | J68: =IF(I68="","",I68-H68) -> 2
A69: KYC-00012 | B69: Riya Iyer | C69: PAN Card | D69: North | E69: Medium | F69: Approved | G69: Analyst C | H69: 46230 | I69: 46242 | J69: =IF(I69="","",I69-H69) -> 12
A70: KYC-00238 | B70: Rohan Reddy | C70: PAN Card | D70: North | E70: Low | F70: Approved | G70: Analyst D | H70: 46251 | I70: 46254 | J70: =IF(I70="","",I70-H70) -> 3
... A83: KYC-00040 | B83: Imran Nair | C83: Passport | D83: North | E83: Low | F83: Approved | G83: Analyst C | H83: 46263 | I83: 46271 | J83: =IF(I83="","",I83-H83) -> 8
A84: KYC-00465 | B84: Rohan Reddy | C84: Aadhaar | D84: East | E84: Low | F84: Pending | G84: Analyst B | H84: 46268 | J84: =IF(I84="","",I84-H84)
A85: KYC-00047 | B85: Aarav Malik | C85: Driving Licence | D85: North | E85: High | F85: Approved | G85: Analyst D | H85: 46296 | I85: 46303 | J85: =IF(I85="","",I85-H85) -> 7
A86: KYC-00358 | B86: Rohan Iyer | C86: Aadhaar | D86: North | E86: Low | F86: Pending | G86: Analyst B | H86: 46313 | J86: =IF(I86="","",I86-H86)
A87: KYC-00278 | B87: Ayesha Khan | C87: Passport | D87: North | E87: High | F87: Approved | G87: Analyst B | H87: 46320 | I87: 46322 | J87: =IF(I87="","",I87-H87) -> 2
A88: KYC-00363 | B88: Arjun Joshi | C88: Aadhaar | D88: North | E88: Low | F88: Rejected | G88: Analyst A | H88: 46216 | I88: 46218 | J88: =IF(I88="","",I88-H88) -> 2
A89: KYC-00094 | B89: Aditya Joshi | C89: PAN Card | D89: East | E89: Low | F89: Approved | G89: Analyst A | H89: 46243 | I89: 46252 | J89: =IF(I89="","",I89-H89) -> 9
A90: KYC-00447 | B90: Aarav Iyer | C90: PAN Card | D90: North | E90: Low | F90: Pending | G90: Analyst B | H90: 46230 | J90: =IF(I90="","",I90-H90)
A91: KYC-00204 | B91: Kabir Ansari | C91: Driving Licence | D91: North | E91: Low | F91: Rejected | G91: Analyst B | H91: 46220 | I91: 46232 | J91: =IF(I91="","",I91-H91) -> 12
A92: KYC-00451 | B92: Ishaan Nair | C92: Driving Licence | D92: North | E92: Low | F92: Rejected | G92: Analyst C | H92: 46278 | I92: 46285 | J92: =IF(I92="","",I92-H92) -> 7
A93: KYC-00149 | B93: Riya Reddy | C93: Address Proof | D93: South | E93: Low | F93: Approved | G93: Analyst D | H93: 46239 | I93: 46244 | J93: =IF(I93="","",I93-H93) -> 5
A94: KYC-00221 | B94: Aditya Verma | C94: PAN Card | D94: East | E94: Low | F94: Approved | G94: Analyst C | H94: 46305 | I94: 46310 | J94: =IF(I94="","",I94-H94) -> 5
A95: KYC-00254 | B95: Kabir Joshi | C95: Driving Licence | D95: West | E95: Medium | F95: Approved | G95: Analyst A | H95: 46244 | I95: 46255 | J95: =IF(I95="","",I95-H95) -> 11
A96: KYC-00168 | B96: Rohan Verma | C96: Address Proof | D96: North | E96: Low | F96: Approved | G96: Analyst D | H96: 46303 | I96: 46313 | J96: =IF(I96="","",I96-H96) -> 10
A97: KYC-00276 | B97: Tanvi Iyer | C97: Passport | D97: West | E97: Low | F97: Pending | G97: Analyst A | H97: 46319 | J97: =IF(I97="","",I97-H97)
A98: KYC-00321 | B98: Vivaan Verma | C98: Aadhaar | D98: South | E98: Low | F98: Approved | G98: Analyst D | H98: 46211 | I98: 46222 | J98: =IF(I98="","",I98-H98) -> 11
A99: KYC-00330 | B99: Sana Iyer | C99: PAN Card | D99: South | E99: Medium | F99: Approved | G99: Analyst B | H99: 46243 | I99: 46253 | J99: =IF(I99="","",I99-H99) -> 10
A100: KYC-00174 | B100: Zara Singh | C100: Driving Licence | D100: South | E100: Low | F100: Rejected | G100: Analyst C | H100: 46251 | I100: 46256 | J100: =IF(I100="","",I100-H100) -> 5
A101: KYC-00273 | B101: Tanvi Reddy | C101: Driving Licence | D101: South | E101: Low | F101: Approved | G101: Analyst D | H101: 46305 | I101: 46315 | J101: =IF(I101="","",I101-H101) -> 10
A102: KYC-00496 | B102: Sana Sharma | C102: Passport | D102: South | E102: Low | F102: Approved | G102: Analyst A | H102: 46230 | I102: 46231 | J102: =IF(I102="","",I102-H102) -> 1
A103: KYC-00183 | B103: Riya Verma | C103: PAN Card | D103: West | E103: Low | F103: Approved | G103: Analyst B | H103: 46257 | I103: 46263 | J103: =IF(I103="","",I103-H103) -> 6
A104: KYC-00269 | B104: Aarav Ansari | C104: Driving Licence | D104: North | E104: Low | F104: Approved | G104: Analyst B | H104: 46253 | I104: 46259 | J104: =IF(I104="","",I104-H104) -> 6
A105: KYC-00353 | B105: Sana Malik | C105: Address Proof | D105: East | E105: Low | F105: Rejected | G105: Analyst A | H105: 46226 | I105: 46235 | J105: =IF(I105="","",I105-H105) -> 9
A106: KYC-00118 | B106: Fatima Nair | C106: Aadhaar | D106: South | E106: Low | F106: Approved | G106: Analyst B | H106: 46255 | I106: 46264 | J106: =IF(I106="","",I106-H106) -> 9
A107: KYC-00333 | B107: Zara Singh | C107: Passport | D107: South | E107: Medium | F107: Approved | G107: Analyst C | H107: 46207 | I107: 46212 | J107: =IF(I107="","",I107-H107) -> 5
A108: KYC-00456 | B108: Fatima Malik | C108: Address Proof | D108: East | E108: Low | F108: Approved | G108: Analyst B | H108: 46246 | I108: 46257 | J108: =IF(I108="","",I108-H108) -> 11
A109: KYC-00445 | B109: Tanvi Ansari | C109: Address Proof | D109: South | E109: Medium | F109: Approved | G109: Analyst D | H109: 46258 | I109: 46264 | J109: =IF(I109="","",I109-H109) -> 6
... A130: KYC-00457 | B130: Aditya Khan | C130: Aadhaar | D130: East | E130: Medium | F130: Approved | G130: Analyst A | H130: 46235 | I130: 46241 | J130: =IF(I130="","",I130-H130) -> 6
A131: KYC-00127 | B131: Zara Verma | C131: PAN Card | D131: West | E131: Low | F131: Pending | G131: Analyst B | H131: 46320 | J131: =IF(I131="","",I131-H131)
A132: KYC-00335 | B132: Riya Khan | C132: Driving Licence | D132: West | E132: Low | F132: Rejected | G132: Analyst D | H132: 46210 | I132: 46222 | J132: =IF(I132="","",I132-H132) -> 12
...

Sheet SQL_Turnaround_by_Doc
A1: document_type | B1: closed_cases | C1: avg_turnaround_days | D1: max_turnaround_days
A2: PAN Card | B2: 82 | C2: 7.1 | D2: 12
A3: Aadhaar | B3: 85 | C3: 7.1 | D3: 12
A4: Passport | B4: 76 | C4: 6.9 | D4: 12
A5: Driving Licence | B5: 88 | C5: 6.6 | D5: 12
A6: Address Proof | B6: 99 | C6: 6.6 | D6: 12

Sheet SQL_Analyst_Performance
A1: analyst | B1: total_cases | C1: approved | D1: rejected | E1: pending | F1: avg_turnaround_days
A2: Analyst A | B2: 130 | C2: 98 | D2: 20 | E2: 12 | F2: 7
A3: Analyst D | B3: 120 | C3: 83 | D3: 22 | E3: 15 | F3: 6.8
A4: Analyst B | B4: 116 | C4: 81 | D4: 19 | E4: 16 | F4: 7
A5: Analyst C | B5: 115 | C5: 88 | D5: 19 | E5: 8 | F5: 6.6

Sheet SQL_Monthly_Trend
A1: month | B1: submitted | C1: approved | D1: rejected | E1: pending
A2: 2026-06 | B2: 3 | C2: 1 | D2: 1 | E2: 1
A3: 2026-07 | B3: 126 | C3: 96 | D3: 22 | E3: 8
A4: 2026-08 | B4: 119 | C4: 86 | D4: 25 | E4: 8
A5: 2026-09 | B5: 122 | C5: 96 | D5: 20 | E5: 6
A6: 2026-10 | B6: 111 | C6: 71 | D6: 12 | E6: 28

Sheet Overdue_Cases
A1: case_id | B1: customer_name | C1: document_type | D1: region | E1: risk_level | F1: analyst | G1: submitted_date | H1: days_pending
A2: KYC-00125 | B2: Ayesha Ansari | C2: Address Proof | D2: East | E2: High | F2: Analyst D | G2: 2026-07-27 | H2: 92
A3: KYC-00270 | B3: Ayesha Nair | C3: Passport | D3: North | E3: High | F3: Analyst D | G3: 2026-09-04 | H3: 53
A4: KYC-00225 | B4: Kabir Malik | C4: Address Proof | D4: North | E4: High | F4: Analyst B | G4: 2026-09-11 | H4: 46
A5: KYC-00246 | B5: Aditya Mehta | C5: PAN Card | D5: West | E5: High | F5: Analyst A | G5: 2026-10-18 | H5: 9
A6: KYC-00428 | B6: Tanvi Nair | C6: PAN Card | D6: South | E6: Medium | F6: Analyst A | G6: 2026-07-19 | H6: 100
A7: KYC-00152 | B7: Riya Ansari | C7: Passport | D7: West | E7: Medium | F7: Analyst D | G7: 2026-07-28 | H7: 91
A8: KYC-00350 | B8: Ayesha Nair | C8: Address Proof | D8: North | E8: Medium | F8: Analyst A | G8: 2026-08-01 | H8: 87
A9: KYC-00068 | B9: Kabir Mehta | C9: Address Proof | D9: West | E9: Medium | F9: Analyst B | G9: 2026-08-01 | H9: 87
A10: KYC-00316 | B10: Zara Gupta | C10: Address Proof | D10: West | E10: Medium | F10: Analyst D | G10: 2026-08-05 | H10: 83
A11: KYC-00362 | B11: Riya Iyer | C11: Passport | D11: West | E11: Medium | F11: Analyst D | G11: 2026-08-23 | H11: 65
A12: KYC-00184 | B12: Zara Malik | C12: PAN Card | D12: South | E12: Medium | F12: Analyst A | G12: 2026-08-31 | H12: 57
A13: KYC-00134 | B13: Fatima Gupta | C13: PAN Card | D13: South | E13: Medium | F13: Analyst B | G13: 2026-09-27 | H13: 30
... A36: KYC-00017 | B36: Vivaan Gupta | C36: Passport | D36: South | E36: Low | F36: Analyst C | G36: 2026-10-18 | H36: 9

Sheet Data_Issues
A1: case_id | B1: reason
A2: KYC-00010 | B2: duplicate case_id
A3: KYC-00074 | B3: duplicate case_id
A4: KYC-00125 | B4: duplicate case_id
A5: KYC-00195 | B5: duplicate case_id
A6: KYC-00156 | B6: duplicate case_id
A7: KYC-00085 | B7: duplicate case_id
A8: KYC-00451 | B8: duplicate case_id
A9: KYC-00395 | B9: duplicate case_id
A10: KYC-00362 | B10: duplicate case_id
A11: KYC-00378 | B11: duplicate case_id
A12: KYC-00375 | B12: duplicate case_id
... A35: KYC-00464 | B35: completed_date earlier than submitted_date
